Município;2002;2003;2004;2005;2006;2007;2008;2009;2010;2011;2012;2013;2014;2015;2016;2017;2018;2019;2020;2021
Acari (RN);24454.657;27039.683;29630.742;33466.904;37289.556;40626.299;45165.694;50557.96;55262.607;66149.816;78800.699;88387.357;95385.093;101580.498;103756.645;113378.446;116167.677;121378.79;123670.912;130776.861
Açu (RN);194927.115;184747.667;205661.671;253711.283;272714.542;306931.91;339211.34;331506.156;416422.566;572134.159;658910.717;766528.286;782781.209;794969.182;718414.442;824195.516;1049845.876;1195857.356;1082353.63;1368144.672
Afonso Bezerra (RN);18083.863;21690.026;24878.457;26691.562;28328.171;31910.288;32346.27;40563.497;45603.467;48627.105;55217.308;62367.897;64065.733;74803.258;81595.338;92791.089;91887.854;98363.105;134599.855;132006.277
Água Nova (RN);6404.348;6504.863;6830.704;7985.005;8605.799;10662.271;12085.07;13633.946;14435.074;16199.548;18267.601;19212.073;20798.384;23141.531;23900.957;24841.931;27435.887;29301.188;32297.573;33062.008
Alexandria (RN);27918.159;29799.019;31249.601;36422.972;42105.911;48487.76;51874.28;56145.788;58597.843;66803.913;73098.223;88175.012;94157.498;106961.053;114229.962;120060.717;132273.888;145415.277;147146.138;140720.42
Almino Afonso (RN);9569.301;10199.062;11085.546;12006.082;13698.177;15566.36;17250.835;18374.713;18272.564;23565.118;25740.523;28431.745;29549.531;32497.646;32981.002;34995.053;37721.136;40946.439;45394.598;47793.32
Alto do Rodrigues (RN);163795.77;156592.29;156648.399;195180.595;243378.549;284765.437;263947.252;185275.646;221399.976;299446.967;385045.955;424811.39;609180.429;415239.695;378719.335;382355.646;443336.358;449445.386;501517.33;576426.28
Angicos (RN);28740.099;29567.244;31189.107;35603.208;39326.088;47780.583;50862.092;54875.033;62906.439;74431.254;83512.182;93067.099;100698.078;101816.337;112084.049;118242.307;132488.467;152546.329;164138.577;163138.389
Antônio Martins (RN);10852.635;12388.38;14315.413;15496.406;17881.969;21722.803;26038.205;27992.558;28962.42;32455.589;35167.641;38370.658;42010.938;43730.247;48194.301;51174.109;56210.287;57760.978;59775.698;62457.083
Apodi (RN);170672.377;170160.049;169162.489;196461.713;202054.512;254206.69;296251.226;283379.676;330912.283;434705.457;473000.851;511764.559;494229.86;387880.291;391402.418;441402.026;477596.745;502416.903;507058.476;655424.032
Areia Branca (RN);394293.967;395747.009;472741.459;621829.928;687871.096;642031.862;697226.975;497735.794;651379.005;706643.845;800836.846;830076.434;753465.194;608335.961;643402.415;506474.803;638689.1;698554.129;645771.442;856325.991
Arês (RN);48676.18;58709.483;60721.709;72710.999;164019.304;208464.902;138547.962;142103.987;202584.894;227885.599;244503.363;173029.19;200988.198;231402.587;249552.831;322938.906;404529.362;343499.558;384342.83;344145.308
Campo Grande (RN);18480.74;20753.185;22400.065;23158.165;26199.392;30603.147;33312.159;36950.771;39258.136;49788.65;50664.698;76359.944;98661.648;68378.434;74893.756;80701.025;82436.633;95279.161;97585.84;99871.222
Baía Formosa (RN);23044.895;25361.984;27892.571;33477.506;41105.83;39924.211;49889.746;62559.958;66199.829;78603.631;86764.847;95982.119;113615.882;121444.823;125275.31;130030.959;171123.551;207731.197;258145.769;292928.331
Baraúna (RN);101630.889;131769.399;136437.028;124330.08;149608.115;178117.75;164721.291;193422.614;213303.869;236303.427;366088.22;484429.574;344468.122;519067.03;453946.328;451725.999;504929.024;575336.732;640242.072;643622.097
Barcelona (RN);7980.047;9654.569;10364.416;11314.61;13223.623;14363.284;16789.07;17605.813;19057.716;21955.855;25225.573;26584.551;28052.205;29151.286;31677.86;34043.494;34902.912;39180.444;41737.678;44311.184
Bento Fernandes (RN);10286.029;11067.929;13357.097;13743.453;16515.882;18818.414;20868.49;23803.728;24613.51;28431.623;29080.513;32443.277;35299.73;37468.704;39630.724;44918.703;47427.892;52534.512;52590.448;85816.721
Bodó (RN);7096.658;7217.706;8407.52;9208.177;12321.875;12056.573;13200.925;15360.932;15563.697;20855.118;18702.632;29883.797;60989.952;34163.352;37096.828;214264.58;298835.869;229720.089;260352.904;283981.57
Bom Jesus (RN);16953.716;19845.701;23600.221;25723.208;27006.298;30124.304;33028.507;37181.761;39276.554;43963.376;50398.537;57834.498;60638.218;66541.923;69806.804;76132.11;80619.857;87098.309;92691.414;101436.03
Brejinho (RN);22098.245;24984.479;28616.512;32702.25;38775.981;40521.621;44444.363;52980.139;54061.745;77369.29;94977.217;103850.422;115310.47;112827.224;122221.658;138223.831;119039.978;131351.73;126599.802;128825.585
Caiçara do Norte (RN);12035.726;15155.302;16041.493;17423.294;19066.822;22862.87;24628.883;26994.549;28147.602;29967.185;34201.383;37169.955;37405.179;45743.329;58908.716;66976.832;77142.658;81384.158;84144.563;101945.922
Caiçara do Rio do Vento (RN);6968.926;7409.797;7838.066;8682.409;10024.854;11699.978;13073.136;14654.161;15776.699;19438.09;21971.413;26351.246;28283.67;29453.845;31761.27;31953.113;37055.195;40865.083;43244.217;56882.753
Caicó (RN);176540.71;188302.837;208167.36;241315.094;275560.222;331950.858;353365.042;426877.163;476945.397;593961.448;704863.004;784563.402;826320.547;869450.692;934388.712;1010180.751;1027845.303;1115774.08;1136796.635;1214584.149
Campo Redondo (RN);22153.152;19291.44;22652.787;22660.962;22703.194;27877.285;33588.451;38530.684;39239.903;42545.71;49561.188;53192.304;58262.519;64920.474;69175.665;75697.606;83485.634;93671.186;95473.351;103287.195
Canguaretama (RN);75303.311;98920.139;101423.487;115534.54;129077.92;136412.8;153882.333;186934.299;202047.205;225870.333;263020.973;299111.185;302570.795;349236.433;383099.29;451243.417;515674.504;540440.571;562351.84;555299.664
Caraúbas (RN);72691.814;79325.391;81616.462;106658.802;114791.292;140643.82;194589.249;173370.909;183270.689;264401.861;310579.757;320989.027;276576.312;247240.161;221319.289;275278.154;275405.763;295030.273;301329.076;350492.411
Carnaúba dos Dantas (RN);14683.952;16566.683;18518.433;21576.413;27310.632;30187.69;33389.278;35575.612;43047.942;49006.679;53643.202;59822.976;65880.747;71485.388;73067.179;76234.08;87117.626;96592.036;101767.045;107210.818
Carnaubais (RN);54844.628;51186.671;50490.363;63989.695;80169.948;77946.342;73782.578;55479.912;78541.831;178477.347;221937.221;185364.627;200958.082;143686.861;96401.151;116398.014;164946.06;175921.086;155328.854;203396.754
Ceará-Mirim (RN);137812.889;162426.57;188312.663;217499.772;278525.704;305789.681;331591.595;396583.928;431839.153;446777.848;524621.362;612684.764;636247.773;670761.978;716800.141;740652.911;791039.199;831902.274;867404.236;904768.579
Cerro Corá (RN);20632.375;24478.51;26971.887;27647.621;33675.223;39414.513;43304.215;48669.013;52863.943;59683.635;67990.004;76546.269;77647.115;92312.805;99180.725;130613.286;113232.775;115338.463;115541.359;129027.907
Coronel Ezequiel (RN);9473.782;11703.546;13482.976;16465.917;15454.536;17466.621;16903.749;22681.972;23641.474;25423.141;27115.063;32176.793;33614.787;38943.654;40021.727;41745.701;43413.33;45418.912;48452.431;50525.614
Coronel João Pessoa (RN);9414.059;10375.954;11836.775;12998.271;15105.322;17649.672;19915.259;21869.205;22448.096;24921.093;27201.903;29806.925;31752.792;34424.732;36294.676;39153.429;42782.926;41828.713;43465.71;46699.674
Cruzeta (RN);18873.885;21429.434;23212.298;25163.847;29045.032;30185.888;33934.443;37794.737;41575.291;61753.008;68136.844;66181.37;434642.565;79164.335;83104.038;91569.71;95367.592;102834.693;105197.946;111951.294
Currais Novos (RN);126268.047;127790.793;141824.389;169003.856;194031.174;231150.743;248685.208;296541.872;337600.08;406730.961;467237.082;513161.402;512435.268;560535.414;573865.451;650963.59;622493.215;671699.442;676881.087;717017.256
Doutor Severiano (RN);10390.813;11872.347;14923.741;16331.74;18534.433;19765.058;21408.17;25927.107;26332.387;31188.613;35177.9;40613.672;43614.089;45752.588;48766.221;52263.046;59494.187;66345.02;68866.369;74410.525
Parnamirim (RN);681782.495;786825.522;877597.147;1060312.117;1171173.965;1496936.285;1671172.24;1896946.196;2432376.452;2561777.421;3050863.901;3593181.601;3767536.169;4028320.779;4382887.783;4250603.484;4469964.637;4773404.557;4971935.295;5682353.071
Encanto (RN);8977.372;9683.509;11356.747;12488.877;14068.046;16397.401;18114.609;19889.516;19907.857;23423.395;25208.803;30009.74;32585.712;34950.328;38983.656;41253.502;45175.345;51719.343;53087.191;59673.456
Equador (RN);10787.336;11639.948;13052.845;15397.202;17522.817;20533.797;25017.183;27972.457;31647.704;42108.099;42291.474;42594.497;41904.534;58381.633;60596.099;61039.854;63267.231;65300.385;66172.843;76069.668
Espírito Santo (RN);16395.611;18931.82;21353.404;26063.804;27667.41;29304.118;31720.247;35172.553;38012.557;42236.489;44288.38;50239.96;53292.428;59541.68;64157.532;70003.553;77627.588;83964.144;86602.025;91986.782
Extremoz (RN);66251.391;74100.88;82850.806;79748.557;88622.983;102156.357;114092.692;130101.608;142128.442;169132.264;189815.91;228142.843;240933.132;274837.111;320131.89;351836.526;373988.329;447940.238;487996.04;510378.315
Felipe Guerra (RN);41162.637;39803.581;43573.102;67352.123;90594.303;105954.591;82868.184;61932.924;71825.891;86150.732;112670.487;117720.535;108015.402;79856.568;64579.386;73049.4;93822.991;98203.486;96876.814;169807.156
Fernando Pedroza (RN);5556.646;5638.697;6707.726;7912.297;9096.612;10433.82;11596.476;13191.434;13212.342;15234.758;17657.178;21847.86;22307.285;23441.951;25331.472;31248.724;30476.643;33553.185;35766.153;37398.833
Florânia (RN);19720.763;18444.737;22910.318;23029.947;26332.771;27886.035;29774.615;36293.538;37648.971;47211.402;53566.401;58263.686;67901.536;75109.782;78282.264;77581.201;88635.139;93487.28;103180.845;112105.814
Francisco Dantas (RN);6657.891;7319.474;7659.694;9172.201;9832.935;11200.284;12934.673;13148.245;13402.934;16463.234;17223.391;23990.637;24789.744;22028.565;22740.654;24294.559;24799.25;28311.764;29652.858;31763.12
Frutuoso Gomes (RN);8405.494;9867.096;10734.435;12020.835;14290.867;15871.509;17830.784;19258.43;19749.097;23379.063;24763.378;27275.056;28273.029;32347.474;29155.487;33706.076;35629.552;38559.228;39561.012;42209.206
Galinhos (RN);32388.392;39930.114;50178.943;48561.823;36580.579;30236.766;47747.432;62738.782;63751.02;50636.8;48892.267;46898.489;45192.767;55579.243;58154.945;61972.022;66566.526;96586.506;82892.684;153593.038
Goianinha (RN);56102.862;54062.81;58585.137;66104.74;80977.073;107989.89;112992.926;136814.291;139819.4;169335.905;185492.027;213160.62;241146.876;265518.279;292254.13;335009.601;399183.955;428642.094;469102.952;494281.561
Governador Dix-Sept Rosado (RN);93697.781;100098.845;111844.177;147731.088;158410.388;145804.029;156639.241;116850.588;174600.194;255770.874;275343.017;255156.11;261248.98;191500.698;138080.883;187120.194;206016.047;237163.127;224921.466;367835.522
Grossos (RN);70767.761;76755.962;103877.202;112622.274;132171.849;130214.317;149966.046;119648.997;153980.896;222709.677;146543.292;146553.831;130036.247;121539.938;104369.725;122261.734;147603.007;160948.603;134339.528;145675.079
Guamaré (RN);127102.862;139644.139;230555.121;238488.366;332433.634;423344.333;589195.881;515749.236;647609.796;206420.229;-92078.042;-67393.88;196099.642;1165214.727;1791770.732;1555642.977;1317124.164;1605894.998;1656891.893;1961373.414
Ielmo Marinho (RN);18998.518;22858.847;26745.869;31742.051;37468.532;41656.746;45951.809;51258.007;59820.43;60449.849;68890.504;76025.638;84744.345;86206.618;92669.084;100683.855;105183.688;114856.872;122964.185;133977.358
Ipanguaçu (RN);36704.04;45679.818;48785.392;49447.141;53533.552;59504.289;60658.339;68585.554;70830.272;82849.041;86790.011;100214.47;109681.965;109693.741;128881.033;127527.967;134212.251;148591.606;158802.862;183125.234
Ipueira (RN);4798.483;5157.962;5967.129;7312.322;8446.721;9642.413;10188.77;12187.595;12569.781;13942.314;14901.335;16897.825;18948.853;20345.723;22265.376;25319.009;25643.978;27746.645;29017.554;33230.053
Itajá (RN);15154.275;15894.832;17384.721;21484.608;22435.126;25609.389;28265.331;32396.073;37668.259;46970.093;51167.396;53394.638;60340.805;62231.853;62947.435;80177.246;68085.135;74303.489;75661.017;90585.521
Itaú (RN);11740.027;13158.394;14152.434;15009.374;18275.357;20156.298;22327.625;28672.122;25894.249;30521.942;36151.466;41715.534;40157.873;41003.379;44549.753;46355.851;61335.482;65468.841;68565.117;68311.609
Jaçanã (RN);14379.555;18079.117;19634.879;20020.123;23281.36;27016.592;30056.502;31533.743;33937.66;40569.474;40242.657;49253.34;50076.234;53917.656;54297.317;59326.394;64333.241;71000.244;74894.541;82311.862
Jandaíra (RN);12551.832;14433.955;15482.422;17324.992;18652.133;20938.103;22397.325;25583.745;27876.424;32285.964;35885.48;42554.08;44954.146;54968.832;161333.309;66891.971;62566.419;67123.248;69696.745;82666.526
Janduís (RN);12290.186;12157.098;13472.723;15209.535;15978.743;19497.353;22159.824;26085.671;28175.77;33027.237;35852.073;40360.594;42273.39;50073.887;53520.778;58926.15;63721.485;83581.722;83714.304;81236.461
Januário Cicco (RN);17133.298;21178.523;26924.462;31751.326;30817.235;35603.023;35931.593;37101.285;36952.093;42225.251;44450.675;48742.241;52955.47;55473.628;60039.271;63641.931;66969.075;75168.392;78833.039;80338.017
Japi (RN);9920.66;11319.147;12789.169;13445.757;15522.211;17852.916;24416.561;22328.416;23402.394;26392.443;25560.708;30446.206;30328.094;33504.464;36169.511;38801.735;39790.925;43691.01;45310.899;49952.453
Jardim de Angicos (RN);5587.633;6936.92;6812.139;7942.258;9187.501;9460.097;11713.701;13114.602;13760.958;15411.007;16341.862;19225.846;18940.184;22097.354;22158.52;24926.01;25785.938;27610.065;54137.157;61536.149
Jardim de Piranhas (RN);31317.942;35352.676;35326.257;43666.225;53184.652;64200.989;67671.798;67618.087;73401.638;88246.014;96349.171;122385.102;128019.004;133053.088;114314.488;123155.382;139076.652;165287.466;171702.461;196357.423
Jardim do Seridó (RN);33014.864;34596.092;38469.288;47811.147;50202.153;58091.424;57933.057;71884.111;81752.188;85225.914;92804.071;100749.162;107212.112;118687.495;130635.447;144338.193;152348.158;166379.021;172562.603;187191.852
João Câmara (RN);63108.616;71340.699;82160.153;95808.625;107385.077;126309.507;137190.102;168365.905;191474.33;213853.986;282053.25;415840.093;459879.062;756381.65;906871.607;980129.419;876342.362;875053.308;1024291.077;1197900.363
João Dias (RN);5396.439;5749.56;6575.987;7159.695;7957.799;9393.492;10174.271;11281.45;12036.811;13450.279;14229.805;15919.889;17278.956;18096.023;18298.663;20408.2;21177.754;23116.74;24822.781;27291.041
José da Penha (RN);10826.646;12134.881;14208.886;15237.866;17151.966;19676.342;22178.341;25202.01;26415.734;28772.677;29998.534;34169.12;38539.018;41965.011;41912.474;46985.41;52301.352;56316.443;58881.221;63928.687
Jucurutu (RN);34672.886;39573.038;43277.735;57566.534;60411.687;72079.193;70946.308;80784.71;88375.52;101458.533;110235.834;121754.8;146679.106;157296.87;171619.608;197698.017;216462.135;234048.117;311828.392;283568.296
Jundiá (RN);6330.858;7478.188;8591.064;9686.892;10004.462;11536.929;14456.894;16284.349;16779.694;18649.475;19133.77;21796.79;23855.697;25791.05;27888.098;32274.894;32736.152;36418.922;38234.198;41101.666
Lagoa d'Anta (RN);11231.799;15576.149;20355.87;21338.925;19321.617;21395.758;23365.738;26670.455;27568.406;31513.988;33073.518;37770.907;39181.859;44311.861;46798.113;49014.45;57655.06;61925.631;65681.536;67284.839
Lagoa de Pedras (RN);12486.978;15141.55;16041.99;19052.497;21480.299;23931.576;22840.575;27186.021;30100.875;32036.597;34192.771;41005.229;43551.809;49643.563;52798.108;57076.993;63383.76;67118.903;72610.597;77691.658
Lagoa de Velhos (RN);7385.856;8533.637;8988.96;9884.769;11194.849;13970.918;14096.036;15123.89;16844.146;18036.202;19488.561;23182.213;22812.864;28833.297;28983.775;30436.518;31829.689;35478.666;35808.168;37216.317
Lagoa Nova (RN);24425.405;26020.754;27358.196;31078.751;36051.141;39319.461;43652.6;49851.408;56873.712;70723.6;100719.606;138295.544;142434.239;118212.841;124569.046;221307.52;240126.415;202921.43;220303.153;236733.572
Lagoa Salgada (RN);14183.881;16650.383;20304.758;20258.047;22498.124;26008.407;29650.459;30459.409;34318.247;38290.117;41778.396;55892.409;46314.373;54219.996;56454.964;64511.759;71819.034;78695.596;84601.164;89410.29
Lajes (RN);21142.863;23169.633;25712.872;26436.721;26778.017;35941.771;39486.445;43715.101;47901.947;57365.958;75740.987;86688.472;87612.65;92824.835;101685.534;111474.674;117306.076;126288.284;128451.941;144386.264
Lajes Pintadas (RN);8777.808;9483.128;13610.528;14171.923;15484.455;16615.789;17775.189;19076.799;21508.437;24889.941;26825.871;29720.73;33177.354;35867.536;38606.786;40183.753;40735.86;45264.193;48054.202;49843.421
Lucrécia (RN);7041.377;7984.81;9154.639;10057.262;10957.954;14251.691;14998.736;17177.388;17878.288;23063.984;25540.815;31230.114;32980.116;38755.08;33731.778;40366.385;50143.425;50676.369;50300.479;48489.502
Luís Gomes (RN);16707.795;17867.596;20915.097;20844.213;26535.464;30401.947;34350.846;38028.39;43147.16;47285.472;51540.358;54876.971;58689.011;60971.485;61614.942;66658.69;70754.709;77602.832;81667.162;84456.261
Macaíba (RN);250490.527;326334.973;366281.34;429795.863;502159.699;643650.943;671753.564;647790.826;885246.236;895974.072;1093414.241;1136641.244;1117093.354;1256873.288;1155686.675;1257222.292;1393843.834;1570568.632;1455584.598;1561057.43
Macau (RN);255278.209;275631.915;363433.008;441487.504;500641.539;513465.642;621072.88;458278.473;600188.87;745563.187;914544.099;920588.377;883852.141;748391.99;511477.511;561131.477;694300.739;738355.629;653263.706;1065645.149
Major Sales (RN);5528.854;6201.296;7302.689;8128.718;9295.476;11169.624;13073.505;14161.977;15104.043;17179.93;18516.228;21308.77;27761.124;30028.749;30405.744;33859.519;36099.16;39383.793;41533.552;45695.468
Marcelino Vieira (RN);15453.094;16421.502;19816.748;21041.812;23936.799;26898.547;33337.91;34783.71;35632.476;40358.546;43589.057;47569.323;50103.483;55246.538;57521.386;60470.085;66005.373;71771.911;75017.695;78944.731
Martins (RN);16782.451;18487.458;23180.163;25602.231;25119.982;28858.096;30799.519;34656.272;38447.02;43107.758;48218.702;54083.495;59102.093;64193.265;69812.435;77558.259;82445.121;89953.425;90446.877;99247.014
Maxaranguape (RN);19911.229;24338.846;28188.109;30743.793;36547.224;39104.178;44947.914;46738.448;51541.53;57017.516;62520.53;75339.604;82054.581;91276.285;98511.204;104532.749;114633.009;119815.414;127914.303;127115.446
Messias Targino (RN);7766.834;8446.453;9480.358;10544.38;12487.846;14271.668;15256.813;15761.522;19350.775;38877.035;43828.971;51028.291;58770.045;57871.139;54795.681;66917.302;50829.188;54143.329;51469.559;51547.73
Montanhas (RN);18875.408;20066.18;23195.948;26958.834;31245.646;35767.413;39590.908;44067.256;43236.045;49574.975;55199.822;63301.95;67942.999;75567.833;80098.849;85158.543;94569.676;105483.077;113023.531;119452.108
Monte Alegre (RN);34666.922;39434.987;47394.212;51681.729;57648.229;62633.33;71652.754;82938.016;93633.946;103673.747;119501.139;139839.819;151129.929;166066.205;180357.98;196823.257;213690;229200.345;234177.339;252962.207
Monte das Gameleiras (RN);12028.051;16447.071;24368.519;29014.106;17324.332;21379.746;22715.496;21520.017;11807.562;13837.912;14210.8;17230.382;19129.551;18602.431;18375.651;21556.589;24697.794;25567.536;27786.171;31374.967
Mossoró (RN);1354250.301;1544221.576;2014819.374;2321198.627;2509675.168;2794470.688;3258380.29;3247025.066;3975888.912;4543922.439;5145765.471;5547450.376;5613718.671;5352322.046;5132460.545;5434931.875;5909686.282;6428973.338;6257744.79;6898481.153
Natal (RN);4182178.944;4348420.272;4966793.875;5690088.104;6588496.169;7954796.485;8420162.783;10143834.07;11221667.053;12788620.425;14491322.34;16244550.063;16879339.593;18151059.164;18937852.78;20296907.662;20107582.401;20958388.943;19581037.109;20775623.021
Nísia Floresta (RN);56502.61;70853.522;75299.413;84490.097;105723.571;108972.178;116240.627;137868.601;151256.709;168580.177;192739.255;235068.274;262772.174;288684.601;322768.354;342801.727;410604.513;412543.37;421096.113;441744.09
Nova Cruz (RN);70211.073;82369.426;92706.496;102107.81;118018.76;139622.649;155183.107;193123.961;223035.652;228840.619;263565.178;297568.159;326861.048;369254.259;405285.759;413229.156;404222.743;423565.748;474003.064;492631.947
Olho d'Água do Borges (RN);7890.426;8755.429;9421.61;11003.136;12675.018;14670.727;16590.438;19530.395;20674.452;24871.547;25081.805;29380.635;31135.607;31869.713;32732.626;33490.701;36534.399;47960.151;48816.439;45635.936
Ouro Branco (RN);18370.093;16532.887;20031.362;20694.709;21039.2;29160.904;22410.595;21943.589;22019.348;27316.993;29305.635;32643.028;36104.916;38183.988;41136.144;45072.775;46711.752;51039.721;51765.699;57856.99
Paraná (RN);6401.114;7653.242;9120.379;9428.458;10643.187;13013.947;14636.651;15706.989;17140.225;19052.188;19721.27;24901.851;26756.302;28589.177;28661.237;32153.93;32626.711;36588.142;38782.761;42518.455
Paraú (RN);13839.485;8837.07;9562.154;12694.082;12167.144;14634.573;16161.901;18154.488;19931.102;21232.566;23033.95;30207.369;29715.526;30246.437;33087.202;39611.808;40794.219;44722.37;48296.607;52274.308
Parazinho (RN);9289.371;10168.559;11468.991;11998.307;13042.887;17407.462;19605.159;21336.402;19891.772;82793.539;330077.351;184933.659;196045.288;217637.86;314651.156;407388.934;400337.096;325939.894;391314.819;595045.648
Parelhas (RN);43404.134;46330.348;52020.637;61451.769;69599.855;87156.75;93673.59;101628.247;121538.388;170593.627;185078.944;211261.669;215429.179;289274.299;277784.682;296959.613;300747.777;316043.807;318042.299;338472.284
Rio do Fogo (RN);19159.072;22267.012;23958.796;26732.884;30716.895;34885.36;39809.921;45612.337;50402.745;57774.437;68650.661;78911.606;97783.751;98333.212;104685.763;164359.012;162625.974;158313.974;167676.73;176115.121
Passa e Fica (RN);17479.677;20669.102;25119.639;27724.575;32832.104;49456.625;41386.654;42712.317;47385.567;64299.441;71128.661;76192.337;81670.088;94178.046;90063.736;102463.005;105015.219;120311.752;126757.542;141238.423
Passagem (RN);8053.924;6429.364;7498.908;8715.827;9217.481;10498.825;10926.158;12883.668;14808.012;17098.596;18730.194;22874.814;23605.396;24933.268;28872.246;29931.995;33615.853;34322.747;36270.876;44599.996
Patu (RN);21189.314;22729.768;24976.765;27574.609;32868.715;37283.148;38142.18;41534.784;48958.183;59233.105;78012.015;85463.877;89322.571;99073.209;100812.801;122268.478;134574.225;138563.767;146483.198;146944.65
Santa Maria (RN);7779.916;9373.475;11612.077;12428.469;13635.09;15937.171;19657.308;21194.311;20790.4;27326.911;35626.193;42651.27;49000.386;53175.24;45871.395;59198.246;49764.264;62135.504;62353.906;71240.813
Pau dos Ferros (RN);73069.083;76890.927;90013.79;101951.606;114099.965;138783.549;151473.058;183333.707;207239.8;234172.432;280665.657;305992.71;322278.235;359935.122;382701.693;441747.406;468647.699;542552.588;551698.952;612640.491
Pedra Grande (RN);8560.887;11361.199;12944.696;12966.726;14793.081;15291.534;16955.921;20522.442;21631.753;25416.705;29628.183;34321.203;30720.959;137941.231;170188.228;187799.371;192090.415;197448.031;294176.467;273298.419
Pedra Preta (RN);6041.529;6717.541;7240.833;7756.82;8700.893;10499.518;12057.552;12604.51;13686.344;16394.023;16815.695;17935.251;19509.802;21460.267;23164.012;23997.436;26749.441;29174.345;30183.337;33705.396
Pedro Avelino (RN);19785.528;19767.713;20205.462;21901.994;22030.017;28514.208;29183.52;32118.532;34787.051;38397.205;36049.238;40321.054;42984.15;47362.376;49927.11;52864.645;55829.066;62132.719;66830.651;73880.158
Pedro Velho (RN);24183.204;26366.231;28979.268;35861.239;42281.935;45178.208;49357.021;54956.889;63738.913;69288.54;72488.401;84471.724;95531.873;102923.102;113377.014;119439.764;124910.036;143990.097;156771.137;164939.561
Pendências (RN);81778.335;85947.337;96493.584;114817.067;139485.454;150621.472;170705.169;133885.379;187804.806;254461.96;309909.816;347533.903;303165.779;257342.006;204889.557;258006.49;437064.24;475811.76;448685.565;703551.57
Pilões (RN);5995.203;7252.191;8636.352;9102.028;11209.123;12254.159;14562.621;16781.022;17369.303;30218.199;22564.813;24015.388;27914.107;30256.29;31348.417;33764.567;33653.092;34494.869;39237.498;39512.375
Poço Branco (RN);20149.613;22079.736;24515.505;30451.393;35506.823;38949.147;41043.501;48332.071;54452.744;61596.123;67780.699;78540.812;85732.582;88694.133;94097.631;104664.445;103553.85;114402.794;128265.192;127017.637
Portalegre (RN);12784.648;13623.946;15727.317;16395.374;18894.971;22871.463;24929.221;28931.49;35368.28;37427.053;42037.715;44539.949;45616.248;51314.443;52278.687;58157.117;62604.818;66626.503;67530.987;75053.845
Porto do Mangue (RN);96474.811;119616.88;218000.113;310061.877;304437.298;231559.724;239278.767;134271.363;197396.628;278524.102;267455.564;244656.611;202955.789;118616.692;80652.234;114289.916;150217.453;148774.927;122035.276;142926.672
Serra Caiada (RN);15331.813;21660.848;22291.461;24200.816;25873.568;32190.46;36738.67;38107.942;39923.895;42970.052;47458.332;53069.52;56297.584;63121.203;69052.073;75353.353;76828.465;85698.407;95144.626;101997.736
Pureza (RN);14487.731;17446.806;19825.922;21781.105;25608.243;29418.516;33053.645;36581.617;39976.68;46880.087;48424.181;58903.046;57429.764;63844.555;76186.757;123520.434;116801.523;122373.746;133554.544;159005.383
Rafael Fernandes (RN);8809.09;9839.049;12805.209;13158.072;13985.487;15737.923;16552.811;19289.2;21015.353;23197.926;25035.514;28309.508;30644.682;34816.002;37385.748;38889.229;43087.506;50071.766;47597.878;49705.107
Rafael Godeiro (RN);5596.685;6231.554;7159.976;8155.42;9545.459;11369.215;13167.97;13654.839;13942.032;15999.696;18164.432;20453.006;21233.761;22490.523;25915.916;28111.824;31539.244;35247.693;37824.603;41726.184
Riacho da Cruz (RN);5283.622;5721.464;6443.705;7327.26;8354.555;10689.205;12209.767;13246.474;13656.502;16459.726;18633.396;21069.112;22756.448;24942.733;26931.142;29505.74;30345.178;33230.82;34696.035;36127.121
Riacho de Santana (RN);8102.837;9235.546;10481.943;12151.046;13373.506;15680.363;17424.025;18514.085;19902.778;22007.705;23743.647;25548.455;28517.118;28427.05;29395.05;30625.056;34998.881;38497.301;40129.893;42113.226
Riachuelo (RN);11474.955;12723.899;15214.809;16666.678;18505.931;23612.502;25721.812;27322.553;30653.882;38907.172;43966.496;47641.515;49957.392;53032.369;57465.11;61444.831;63161.843;68072.461;81141.991;180302.175
Rodolfo Fernandes (RN);10254.563;10947.407;10658.82;11777.523;13016.379;15582.517;16835.051;19144.912;19591.822;22109.243;22517.901;27242.629;28829.955;31715.976;34322.786;38909.968;43216.374;46828.124;50364.34;56255.679
Tibau (RN);14827.649;15697.664;18529.329;23005.285;27040.547;40598.418;50023.324;34594.964;36555.597;45698.152;47069.594;53076.405;57579.064;73713.557;68511.101;75195.725;92334.312;100354.659;102249.035;103327.809
Ruy Barbosa (RN);7126.127;8400.559;10117.785;11427.337;12209.424;14070.967;15800.56;17007.525;16949.003;20589.478;21409.204;23132.688;24947.759;27002.535;29825.994;29289.145;31434.025;35123.624;38416.472;124116.979
Santa Cruz (RN);67039.284;72884.738;86850.142;94721.084;103438.735;125371.542;135848.41;152195.619;178006.459;237689.781;272056.921;317115.349;354737.502;379624.899;415635.002;515034.658;454762.544;502074.539;530015.7;557363.158
Santana do Matos (RN);30106.197;36220.437;40810.621;47327.075;57608.308;59275.727;60026.881;70417.943;134166.823;86684.875;88042.234;89117.276;119363.398;109924.221;107045.839;118210.381;121942.329;129550.874;136148.167;136259.925
Santana do Seridó (RN);6111.337;6490.881;7060.554;8525.69;9090.08;11307.135;12783.346;14653.681;16642.294;20467.605;26661.086;27821.966;28749.443;30235.705;35088.181;36202.391;35836.748;35226.454;33302.738;34553.416
Santo Antônio (RN);43970.001;43165.194;48170.096;55203.378;63520.554;76475.012;83206.877;92875.305;101067.858;118739.124;129776.455;150963.109;158138.077;178239.566;197089.514;206175.552;232243.492;252626.849;270523.719;276424.801
São Bento do Norte (RN);8855.123;11599.531;12830.331;21260.695;15296.166;16394.341;17580.286;21091.321;22035.586;23602.276;25792.429;30268.014;34859.592;66902.248;97021.671;170583.204;140512.262;344592.676;378589.916;509542.718
São Bento do Trairí (RN);6718.534;7805.325;9856.623;10156.049;11613.437;13992.173;15895.585;17792.62;17348.598;21133.352;21591.586;25319.925;26862.374;29370.934;32642.847;34131.916;36574.36;41252.28;43525.592;44261.282
São Fernando (RN);8597.913;10449.241;11522.304;13000.438;15099.807;16560.788;17227.242;22138.749;21584.324;25500.739;30061.469;34594.046;38451.321;44218.798;45437.341;46604.019;44622.092;50621.367;53231.302;60013.546
São Francisco do Oeste (RN);7017.76;7540.607;8913.318;10131.575;10909.714;12893.528;14816.316;16848.775;17176.6;20654.059;22047.699;26821.699;28388.954;30574.037;41342.478;37288.081;43472.309;47542.48;48216.299;51660.896
São Gonçalo do Amarante (RN);441648.724;503453.209;515262.278;613534.832;728099.354;868585.89;962921.334;792292.052;1134505.361;1143607.979;1086203.465;1307529.707;1407410.737;1524251.638;1187843.722;1282362.978;1421646.676;1696852.415;1550549.169;1674551.8
São João do Sabugi (RN);12806.963;13936.977;15099.654;15981.013;17831.814;19596.559;21469.774;25185.498;27443.449;31486.036;34132.695;39967.556;42276.238;46609.374;49072.866;53860.556;58977.571;69204.662;74022.54;78953.761
São José de Mipibu (RN);98708.193;115838.999;130233.984;159886.709;195426.095;236143.068;269055.703;285384.028;355212.876;398950.232;479554.876;517821.533;549364.946;586194.03;567890.749;656174.254;728780.49;762111.392;800182.94;878698.951
São José do Campestre (RN);23044.945;24516.408;25828.931;29597.223;30520.248;40534.89;44752.027;48622.905;50091.311;56209.974;59720.169;65012.843;75073.02;80971.149;87450.015;92110.016;95581.647;104144.46;111720.038;119495.015
São José do Seridó (RN);9745.129;10840.87;12257.824;14458.411;16328.839;17552.454;20978.365;23558.926;27680.934;33614.075;38368.788;43236.495;47824.252;55022.701;66790.641;91719.914;81189.056;77026.512;72613.162;76655.63
São Miguel (RN);41497.536;47071.951;51803.728;55848.055;63260.534;73204.328;81398.983;88971.359;98330.466;113893.671;130142.106;148664.787;167091.809;178086.792;194540.071;205331.103;222015.115;238211.881;252380.2;286189.423
São Miguel do Gostoso (RN);15515.321;20964.13;21683.542;24617.77;29619.466;33720.498;35896.296;41472.254;42574.437;49919.824;53372.537;61542.417;74804.123;140367.788;281058.173;378266.754;267177.971;283823.563;349992.594;465374.577
São Paulo do Potengi (RN);29777.06;33047.549;38105.947;42785.232;46895.656;53863.539;58744.229;67316.516;94527.096;99910.995;116817.079;118097.621;119137.636;131676.617;139907.333;154383.45;176693.593;194767.711;205268.533;212969.423
São Pedro (RN);13142.784;15188.226;17824.551;17646.235;18711.994;21434.272;24532.694;26643.118;28944.318;35410.156;39155.237;41970.161;44521.888;48645.398;50686.422;55656.367;48385.895;52077.683;51166.147;53880.36
São Rafael (RN);16108.92;17834.252;19252.071;21567.733;23878.551;27170.571;30795.991;35587.867;37062.846;40717.324;45759.071;53539.111;53753.959;60158.481;63989.678;68108.483;73539.002;78364.839;82327.402;84509.714
São Tomé (RN);18663.14;20092.709;22538.89;24999.086;27542.313;32807.425;36816.697;39562.451;41846.144;48857.298;55493.167;65955.417;69006.875;76164.756;81912.104;86661.652;93457.803;96777.265;100842.593;105361.677
São Vicente (RN);11921.895;12622.396;13132.986;14446.157;16988.791;19422.727;23805.058;24791.975;25777.701;31295.336;34482.853;39386.114;39625.904;46646.811;55942.159;59768.188;63899.159;66178.148;67863.748;72064.826
Senador Elói de Souza (RN);10481.994;12299.088;16631.644;16734.119;16324.277;19567.382;20625.495;22013.586;23149.008;26571.625;29729.798;31831.404;34149.902;36923.747;40247.454;42424.542;46202.564;51378.856;52019.955;58265.712
Senador Georgino Avelino (RN);13693.275;21016.396;20676.361;25645.458;26682.673;28733.53;31580.24;38015.181;38360.411;40154.579;45697.399;56585.766;62824.475;70220.374;93527.82;99473.968;123131.568;115445.149;113366.527;108718.116
Serra de São Bento (RN);7767.601;9407.504;11212.11;12700.664;13296.482;16627.523;17992.617;20777.143;22391.899;24816.925;26287.517;30194.814;32402.458;35726.883;38573.46;43718.3;44445.888;49180.859;48988.687;54423.477
Serra do Mel (RN);32227.85;33604.393;41953.266;47559.452;60771.692;61549.073;72137.211;70169.251;69651.067;107077.97;103081.647;108541.634;111237.485;97708.675;123531.794;256258.624;222351.235;261412.175;558336.913;771902.725
Serra Negra do Norte (RN);17523.509;18378.062;20320.674;20686.22;23430.198;24659.846;27576.494;29966.333;34079.126;41260.688;47177.982;54197.186;58617.774;64712.69;72393.512;70497.758;78753.409;89971.088;93508.991;111031.471
Serrinha (RN);12665.534;16009.487;17979.324;20218.615;24388.65;26053.152;28028.882;30618.529;29847.997;33868.753;36323.52;41271.73;44128.733;47185.208;48118.715;53219.927;56180.831;62149.987;64765.636;69106.737
Serrinha dos Pintos (RN);8918.198;9598.56;11296.68;12115.932;13574.231;16441.872;17649.348;19644.335;20859.33;22009.682;23624.08;26713.169;29844.568;32360.029;33645.729;35853.569;38406.533;41995.377;44697.278;47330.198
Severiano Melo (RN);27390.642;24794.449;31219.814;29070.099;28330.791;26504.451;26828.194;27577.018;29057.744;33542.117;33634.713;37059.034;37096.627;35738.281;36778.149;39766.434;42566.04;48870.705;54649.963;56877.585
Sítio Novo (RN);9300.886;10308.276;11638.805;12600.087;14177.546;18024.388;20430.897;21921.172;22284.427;24369.538;26318.916;29740.2;31359.167;35752.651;38340.07;41065.654;42001.438;46361.36;46800.025;51914.326
Taboleiro Grande (RN);5500.461;5936.991;6252.69;7103.409;7930.602;10694.918;12020.443;12248.178;12152.829;14269.608;15950.389;18323.018;19458.908;20241.944;22755.998;24376.146;25526.846;27355.412;29144.868;31296.485
Taipu (RN);25911.106;34742.726;38612.049;44041.75;53259.127;59877.602;63137.991;64956.796;71109.997;90324.128;98047.449;98037.887;89402.114;90068.248;100887.307;115463.357;109280.27;120939.923;130116.874;145246.206
Tangará (RN);24039.67;28616.189;31015.206;37656.206;42681.746;44126.765;51769.25;54823.053;65993.248;77268.768;88607.579;98388.768;103340.118;111738.25;123970.297;128777.139;154826.197;168452.714;174830.549;182314.154
Tenente Ananias (RN);15073.358;16014.864;18753.744;20528.041;22959.686;28374.329;32677.177;36652.074;41721.376;50202.158;56629.167;63791.856;67626.147;71048.166;73569.133;79662.326;86508.22;98843.182;101543.866;107577.399
Tenente Laurentino Cruz (RN);10130.212;11929.729;11748.871;13300.823;16241.566;17320.735;19395.414;22994.018;24296.001;30275.064;33278.163;36457.494;36108.483;50125.416;54223.541;85449.153;80910.31;88046.129;97598.457;99756.487
Tibau do Sul (RN);30965.982;44147.516;51468.283;58618.64;76670.053;90408.18;97293.637;127680.986;130361.667;146155.298;163504.994;196179.157;233636.976;237870.622;271308.454;289194.621;350808.82;394900.934;374547.249;381889.675
Timbaúba dos Batistas (RN);5121.586;5504.588;6589.487;7667.93;8481.93;9299.567;10458.662;13291.293;13101.075;13231.954;15088.486;19288.137;21496.173;24073.086;27092.658;28821.281;28822.023;32704.076;33436.83;41148.864
Touros (RN);65507.465;87548.086;95935.744;108201.532;124116.404;126438.944;136117.281;158559.571;173828.173;186223.92;220811.451;264005.029;303822.484;338219.208;376292.824;623449.454;492382.336;506115.731;573804.032;766931.818
Triunfo Potiguar (RN);6981.392;7813.266;8448.544;9792.456;11607.794;13054.889;13483.538;14851.23;16375.51;18631.576;19626.787;28246.545;29488.154;37217.97;37143.681;39487.048;36791.611;37564.3;37232.379;44047.898
Umarizal (RN);25862.606;28632.064;29617.682;33822.903;36993.552;38252.183;40152.628;46283.531;49674.482;62612.235;76658.154;88448.795;94482.521;100682.492;106746.891;120209.586;117147.578;126103.178;129978.781;138369.172
Upanema (RN);58276.334;57911.714;58289.067;66009.792;72572.213;86339.74;90490.488;75910.958;82545.304;110909.064;129840.665;149876.325;155854.79;131536.687;113605.8;134473.99;176783.357;166727.698;169524.627;201499.443
Várzea (RN);8764.118;9431.675;10345.894;12169.337;13636.61;16162.723;17568.162;21242.14;24345.355;25850.068;27498.059;32300.525;32828.431;34999.378;37851.168;41003.018;46504.161;50372.017;53735.704;54492.663
Venha-Ver (RN);7679.554;8702.879;10905.217;11987.52;12442.014;14787.329;16238.93;16564.915;15618.545;18717.04;20607.949;23127.426;25866.322;28999.244;30310.838;34776.63;33856.77;37218.461;39763.228;41871.812
Vera Cruz (RN);21330.033;23568.142;24591.132;27215.385;30411.671;37839.499;39949.798;44124.978;46964.004;53894.141;61311.926;72133.203;78443.763;87586.742;92447.853;101846.704;103085.83;111586.525;116133.296;124851.618
Viçosa (RN);4096.29;4559.979;5083.323;5526.228;6468.681;7626.802;8024.983;8963.096;8614.542;10188.838;11081.862;11660.233;12981.286;14250.966;14637.959;15452.336;17287.38;19957.912;20510.786;22324.761
Vila Flor (RN);6522.91;7942.112;8632.482;10856.927;12242.374;13136.259;13998.676;16532.241;17230.809;18852.906;20435.815;23815.906;24825.246;28019.402;29225.662;35806.635;38513.694;41540.239;42906.725;42349.499
